series_id,surface
0,fine_concrete
1,concrete
2,wood
3,wood
4,tiled
5,concrete
6,concrete
7,wood
8,concrete
9,concrete
10,concrete
11,concrete
12,concrete
13,concrete
14,fine_concrete
15,wood
16,wood
17,concrete
18,fine_concrete
19,hard_tiles_large_space
20,tiled
21,concrete
22,concrete
23,hard_tiles_large_space
24,concrete
25,tiled
26,tiled
27,wood
28,carpet
29,concrete
30,wood
31,tiled
32,tiled
33,concrete
34,hard_tiles_large_space
35,concrete
36,fine_concrete
37,tiled
38,concrete
39,concrete
40,tiled
41,concrete
42,soft_pvc
43,wood
44,concrete
45,carpet
46,concrete
47,wood
48,wood
49,fine_concrete
50,concrete
51,concrete
52,wood
53,wood
54,fine_concrete
55,wood
56,wood
57,concrete
58,tiled
59,concrete
60,concrete
61,concrete
62,wood
63,concrete
64,hard_tiles_large_space
65,wood
66,tiled
67,concrete
68,hard_tiles_large_space
69,tiled
70,carpet
71,concrete
72,hard_tiles_large_space
73,wood
74,hard_tiles_large_space
75,wood
76,wood
77,concrete
78,concrete
79,concrete
80,concrete
81,wood
82,concrete
83,wood
84,concrete
85,tiled
86,fine_concrete
87,tiled
88,hard_tiles_large_space
89,concrete
90,fine_concrete
91,concrete
92,concrete
93,concrete
94,wood
95,wood
96,hard_tiles_large_space
97,tiled
98,concrete
99,wood
100,hard_tiles_large_space
101,fine_concrete
102,concrete
103,wood
104,tiled
105,soft_tiles
106,soft_pvc
107,fine_concrete
108,fine_concrete
109,tiled
110,concrete
111,soft_pvc
112,concrete
113,concrete
114,wood
115,tiled
116,concrete
117,tiled
118,fine_concrete
119,concrete
120,concrete
121,wood
122,wood
123,wood
124,wood
125,tiled
126,tiled
127,concrete
128,concrete
129,concrete
130,tiled
131,concrete
132,soft_pvc
133,tiled
134,concrete
135,concrete
136,concrete
137,wood
138,tiled
139,concrete
140,hard_tiles_large_space
141,wood
142,hard_tiles_large_space
143,concrete
144,wood
145,tiled
146,soft_pvc
147,concrete
148,hard_tiles_large_space
149,fine_concrete
150,concrete
151,concrete
152,carpet
153,tiled
154,tiled
155,concrete
156,tiled
157,concrete
158,wood
159,wood
160,hard_tiles_large_space
161,hard_tiles_large_space
162,hard_tiles_large_space
163,concrete
164,fine_concrete
165,hard_tiles_large_space
166,tiled
167,hard_tiles_large_space
168,concrete
169,fine_concrete
170,wood
171,soft_pvc
172,wood
173,hard_tiles_large_space
174,hard_tiles_large_space
175,concrete
176,concrete
177,tiled
178,concrete
179,carpet
180,wood
181,tiled
182,concrete
183,concrete
184,concrete
185,hard_tiles_large_space
186,wood
187,concrete
188,concrete
189,hard_tiles_large_space
190,tiled
191,concrete
192,concrete
193,wood
194,concrete
195,concrete
196,hard_tiles_large_space
197,hard_tiles_large_space
198,wood
199,concrete
200,hard_tiles_large_space
201,concrete
202,concrete
203,hard_tiles_large_space
204,tiled
205,concrete
206,fine_concrete
207,fine_concrete
208,fine_concrete
209,tiled
210,concrete
211,wood
212,soft_pvc
213,tiled
214,wood
215,tiled
216,concrete
217,fine_concrete
218,concrete
219,concrete
220,concrete
221,concrete
222,hard_tiles_large_space
223,hard_tiles_large_space
224,concrete
225,concrete
226,concrete
227,concrete
228,wood
229,tiled
230,fine_concrete
231,fine_concrete
232,concrete
233,concrete
234,concrete
235,tiled
236,soft_pvc
237,tiled
238,soft_pvc
239,tiled
240,wood
241,hard_tiles_large_space
242,wood
243,concrete
244,fine_concrete
245,tiled
246,fine_concrete
247,tiled
248,concrete
249,soft_pvc
250,wood
251,wood
252,wood
253,wood
254,concrete
255,hard_tiles_large_space
256,wood
257,hard_tiles_large_space
258,wood
259,tiled
260,tiled
261,concrete
262,concrete
263,concrete
264,concrete
265,concrete
266,fine_concrete
267,wood
268,wood
269,concrete
270,fine_concrete
271,hard_tiles_large_space
272,concrete
273,concrete
274,hard_tiles_large_space
275,fine_concrete
276,wood
277,carpet
278,concrete
279,wood
280,concrete
281,concrete
282,concrete
283,concrete
284,concrete
285,concrete
286,hard_tiles_large_space
287,concrete
288,tiled
289,tiled
290,fine_concrete
291,fine_concrete
292,tiled
293,hard_tiles_large_space
294,concrete
295,concrete
296,hard_tiles_large_space
297,concrete
298,carpet
299,wood
300,tiled
301,concrete
302,wood
303,wood
304,tiled
305,hard_tiles_large_space
306,wood
307,concrete
308,wood
309,concrete
310,fine_concrete
311,concrete
312,wood
313,wood
314,concrete
315,wood
316,concrete
317,concrete
318,tiled
319,concrete
320,hard_tiles_large_space
321,concrete
322,tiled
323,hard_tiles_large_space
324,tiled
325,tiled
326,concrete
327,concrete
328,wood
329,carpet
330,fine_concrete
331,concrete
332,wood
333,hard_tiles_large_space
334,concrete
335,concrete
336,tiled
337,wood
338,concrete
339,fine_concrete
340,concrete
341,fine_concrete
342,concrete
343,hard_tiles_large_space
344,concrete
345,wood
346,hard_tiles_large_space
347,wood
348,concrete
349,hard_tiles_large_space
350,tiled
351,concrete
352,wood
353,concrete
354,wood
355,wood
356,concrete
357,concrete
358,wood
359,tiled
360,tiled
361,concrete
362,hard_tiles_large_space
363,fine_concrete
364,wood
365,wood
366,wood
367,tiled
368,concrete
369,concrete
370,wood
371,concrete
372,soft_pvc
373,concrete
374,concrete
375,concrete
376,tiled
377,tiled
378,hard_tiles_large_space
379,concrete
380,concrete
381,concrete
382,fine_concrete
383,tiled
384,tiled
385,hard_tiles_large_space
386,carpet
387,concrete
388,wood
389,tiled
390,concrete
391,concrete
392,tiled
393,fine_concrete
394,wood
395,hard_tiles_large_space
396,hard_tiles_large_space
397,concrete
398,concrete
399,hard_tiles_large_space
400,concrete
401,wood
402,concrete
403,concrete
404,concrete
405,concrete
406,carpet
407,concrete
408,concrete
409,hard_tiles_large_space
410,concrete
411,fine_concrete
412,concrete
413,fine_concrete
414,fine_concrete
415,concrete
416,hard_tiles_large_space
417,fine_concrete
418,hard_tiles_large_space
419,tiled
420,tiled
421,fine_concrete
422,tiled
423,tiled
424,concrete
425,hard_tiles_large_space
426,tiled
427,tiled
428,concrete
429,concrete
430,fine_concrete
431,tiled
432,concrete
433,soft_pvc
434,concrete
435,fine_concrete
436,concrete
437,tiled
438,concrete
439,concrete
440,concrete
441,tiled
442,concrete
443,hard_tiles_large_space
444,concrete
445,concrete
446,fine_concrete
447,concrete
448,hard_tiles_large_space
449,concrete
450,wood
451,tiled
452,fine_concrete
453,wood
454,concrete
455,concrete
456,concrete
457,hard_tiles_large_space
458,hard_tiles_large_space
459,concrete
460,tiled
461,concrete
462,tiled
463,concrete
464,soft_pvc
465,concrete
466,hard_tiles_large_space
467,hard_tiles_large_space
468,tiled
469,hard_tiles_large_space
470,wood
471,hard_tiles_large_space
472,concrete
473,tiled
474,tiled
475,fine_concrete
476,wood
477,tiled
478,concrete
479,fine_concrete
480,wood
481,concrete
482,tiled
483,tiled
484,fine_concrete
485,carpet
486,hard_tiles_large_space
487,concrete
488,concrete
489,concrete
490,tiled
491,concrete
492,concrete
493,concrete
494,concrete
495,concrete
496,concrete
497,wood
498,concrete
499,concrete
500,concrete
501,fine_concrete
502,tiled
503,wood
504,concrete
505,hard_tiles_large_space
506,fine_concrete
507,concrete
508,fine_concrete
509,concrete
510,concrete
511,hard_tiles_large_space
512,concrete
513,hard_tiles_large_space
514,concrete
515,tiled
516,hard_tiles_large_space
517,concrete
518,carpet
519,concrete
520,concrete
521,concrete
522,hard_tiles_large_space
523,concrete
524,wood
525,hard_tiles_large_space
526,tiled
527,tiled
528,wood
529,concrete
530,soft_pvc
531,tiled
532,hard_tiles_large_space
533,tiled
534,concrete
535,concrete
536,concrete
537,concrete
538,concrete
539,wood
540,fine_concrete
541,wood
542,hard_tiles_large_space
543,tiled
544,tiled
545,concrete
546,wood
547,concrete
548,tiled
549,fine_concrete
550,wood
551,concrete
552,concrete
553,concrete
554,concrete
555,concrete
556,wood
557,fine_concrete
558,concrete
559,soft_pvc
560,wood
561,hard_tiles_large_space
562,soft_pvc
563,concrete
564,concrete
565,tiled
566,tiled
567,carpet
568,wood
569,tiled
570,tiled
571,tiled
572,carpet
573,concrete
574,wood
575,hard_tiles_large_space
576,tiled
577,concrete
578,wood
579,concrete
580,carpet
581,tiled
582,concrete
583,wood
584,concrete
585,fine_concrete
586,fine_concrete
587,concrete
588,concrete
589,tiled
590,concrete
591,tiled
592,concrete
593,concrete
594,concrete
595,hard_tiles_large_space
596,wood
597,concrete
598,tiled
599,concrete
600,hard_tiles_large_space
601,tiled
602,tiled
603,concrete
604,concrete
605,concrete
606,concrete
607,hard_tiles_large_space
608,hard_tiles_large_space
609,concrete
610,fine_concrete
611,hard_tiles_large_space
612,soft_pvc
613,fine_concrete
614,concrete
615,fine_concrete
616,wood
617,wood
618,concrete
619,carpet
620,hard_tiles_large_space
621,concrete
622,tiled
623,concrete
624,hard_tiles_large_space
625,hard_tiles_large_space
626,hard_tiles_large_space
627,concrete
628,concrete
629,concrete
630,concrete
631,concrete
632,tiled
633,concrete
634,wood
635,concrete
636,concrete
637,wood
638,concrete
639,concrete
640,soft_pvc
641,tiled
642,concrete
643,wood
644,concrete
645,wood
646,wood
647,concrete
648,concrete
649,concrete
650,concrete
651,tiled
652,concrete
653,hard_tiles_large_space
654,hard_tiles_large_space
655,concrete
656,wood
657,fine_concrete
658,tiled
659,concrete
660,hard_tiles_large_space
661,tiled
662,concrete
663,concrete
664,fine_concrete
665,tiled
666,hard_tiles_large_space
667,concrete
668,tiled
669,wood
670,fine_concrete
671,concrete
672,tiled
673,concrete
674,tiled
675,concrete
676,concrete
677,tiled
678,concrete
679,wood
680,concrete
681,concrete
682,concrete
683,concrete
684,fine_concrete
685,wood
686,fine_concrete
687,tiled
688,tiled
689,tiled
690,wood
691,concrete
692,concrete
693,concrete
694,concrete
695,concrete
696,concrete
697,tiled
698,carpet
699,tiled
700,wood
701,concrete
702,concrete
703,wood
704,concrete
705,concrete
706,tiled
707,hard_tiles_large_space
708,concrete
709,concrete
710,concrete
711,tiled
712,wood
713,concrete
714,fine_concrete
715,fine_concrete
716,concrete
717,concrete
718,wood
719,concrete
720,hard_tiles_large_space
721,concrete
722,wood
723,tiled
724,tiled
725,concrete
726,concrete
727,tiled
728,concrete
729,wood
730,wood
731,concrete
732,wood
733,concrete
734,tiled
735,concrete
736,concrete
737,concrete
738,fine_concrete
739,fine_concrete
740,fine_concrete
741,concrete
742,concrete
743,wood
744,concrete
745,tiled
746,concrete
747,concrete
748,concrete
749,concrete
750,concrete
751,hard_tiles_large_space
752,concrete
753,concrete
754,concrete
755,hard_tiles_large_space
756,concrete
757,concrete
758,fine_concrete
759,concrete
760,wood
761,tiled
762,concrete
763,concrete
764,concrete
765,hard_tiles_large_space
766,tiled
767,wood
768,concrete
769,wood
770,hard_tiles_large_space
771,tiled
772,fine_concrete
773,concrete
774,carpet
775,concrete
776,concrete
777,concrete
778,concrete
779,tiled
780,hard_tiles_large_space
781,concrete
782,carpet
783,concrete
784,tiled
785,hard_tiles_large_space
786,hard_tiles_large_space
787,fine_concrete
788,tiled
789,concrete
790,soft_pvc
791,concrete
792,tiled
793,concrete
794,wood
795,hard_tiles_large_space
796,concrete
797,wood
798,concrete
799,soft_pvc
800,concrete
801,concrete
802,concrete
803,concrete
804,fine_concrete
805,tiled
806,concrete
807,concrete
808,concrete
809,tiled
810,concrete
811,wood
812,hard_tiles_large_space
813,concrete
814,carpet
815,concrete
816,wood
817,concrete
818,concrete
819,wood
820,concrete
821,concrete
822,concrete
823,hard_tiles_large_space
824,tiled
825,concrete
826,soft_pvc
827,concrete
828,soft_pvc
829,concrete
830,wood
831,concrete
832,tiled
833,wood
834,tiled
835,concrete
836,fine_concrete
837,hard_tiles_large_space
838,wood
839,wood
840,tiled
841,tiled
842,wood
843,fine_concrete
844,concrete
845,concrete
846,concrete
847,concrete
848,wood
849,hard_tiles_large_space
850,tiled
851,hard_tiles_large_space
852,concrete
853,tiled
854,tiled
855,wood
856,tiled
857,concrete
858,concrete
859,concrete
860,hard_tiles_large_space
861,concrete
862,concrete
863,hard_tiles_large_space
864,tiled
865,concrete
866,concrete
867,tiled
868,tiled
869,concrete
870,tiled
871,concrete
872,wood
873,wood
874,fine_concrete
875,wood
876,tiled
877,tiled
878,wood
879,concrete
880,concrete
881,hard_tiles_large_space
882,hard_tiles_large_space
883,concrete
884,concrete
885,wood
886,tiled
887,tiled
888,hard_tiles_large_space
889,concrete
890,wood
891,concrete
892,hard_tiles_large_space
893,tiled
894,hard_tiles_large_space
895,hard_tiles_large_space
896,wood
897,wood
898,tiled
899,concrete
900,wood
901,hard_tiles_large_space
902,concrete
903,concrete
904,wood
905,soft_pvc
906,concrete
907,concrete
908,concrete
909,wood
910,hard_tiles_large_space
911,concrete
912,concrete
913,concrete
914,hard_tiles_large_space
915,fine_concrete
916,fine_concrete
917,wood
918,hard_tiles_large_space
919,tiled
920,hard_tiles_large_space
921,soft_pvc
922,fine_concrete
923,carpet
924,concrete
925,concrete
926,soft_pvc
927,concrete
928,concrete
929,wood
930,concrete
931,wood
932,wood
933,concrete
934,concrete
935,wood
936,concrete
937,concrete
938,concrete
939,concrete
940,soft_pvc
941,wood
942,concrete
943,tiled
944,concrete
945,concrete
946,fine_concrete
947,tiled
948,soft_pvc
949,tiled
950,concrete
951,fine_concrete
952,concrete
953,fine_concrete
954,concrete
955,soft_pvc
956,fine_concrete
957,concrete
958,hard_tiles_large_space
959,hard_tiles_large_space
960,concrete
961,concrete
962,tiled
963,hard_tiles_large_space
964,soft_pvc
965,concrete
966,wood
967,concrete
968,hard_tiles_large_space
969,concrete
970,hard_tiles_large_space
971,concrete
972,tiled
973,concrete
974,wood
975,concrete
976,concrete
977,fine_concrete
978,fine_concrete
979,concrete
980,concrete
981,hard_tiles_large_space
982,fine_concrete
983,concrete
984,concrete
985,concrete
986,tiled
987,tiled
988,concrete
989,hard_tiles_large_space
990,concrete
991,concrete
992,concrete
993,soft_pvc
994,tiled
995,fine_concrete
996,concrete
997,concrete
998,tiled
999,carpet
1000,concrete
1001,concrete
1002,tiled
1003,concrete
1004,fine_concrete
1005,hard_tiles_large_space
1006,concrete
1007,wood
1008,concrete
1009,wood
1010,concrete
1011,concrete
1012,wood
1013,wood
1014,tiled
1015,tiled
1016,tiled
1017,concrete
1018,wood
1019,concrete
1020,tiled
1021,hard_tiles_large_space
1022,tiled
1023,concrete
1024,concrete
1025,carpet
1026,hard_tiles_large_space
1027,wood
1028,concrete
1029,concrete
1030,wood
1031,hard_tiles_large_space
1032,tiled
1033,concrete
1034,hard_tiles_large_space
1035,wood
1036,wood
1037,wood
1038,hard_tiles_large_space
1039,hard_tiles_large_space
1040,hard_tiles_large_space
1041,concrete
1042,concrete
1043,concrete
1044,concrete
1045,wood
1046,hard_tiles_large_space
1047,concrete
1048,concrete
1049,concrete
1050,concrete
1051,hard_tiles_large_space
1052,fine_concrete
1053,concrete
1054,concrete
1055,tiled
1056,concrete
1057,concrete
1058,tiled
1059,wood
1060,concrete
1061,wood
1062,fine_concrete
1063,hard_tiles_large_space
1064,wood
1065,tiled
1066,hard_tiles_large_space
1067,wood
1068,concrete
1069,carpet
1070,wood
1071,hard_tiles_large_space
1072,wood
1073,concrete
1074,fine_concrete
1075,concrete
1076,tiled
1077,fine_concrete
1078,hard_tiles_large_space
1079,carpet
1080,hard_tiles_large_space
1081,concrete
1082,fine_concrete
1083,tiled
1084,tiled
1085,wood
1086,carpet
1087,hard_tiles_large_space
1088,concrete
1089,concrete
1090,concrete
1091,fine_concrete
1092,wood
1093,tiled
1094,wood
1095,tiled
1096,wood
1097,wood
1098,tiled
1099,concrete
1100,concrete
1101,concrete
1102,tiled
1103,wood
1104,concrete
1105,wood
1106,soft_pvc
1107,hard_tiles_large_space
1108,wood
1109,wood
1110,wood
1111,concrete
1112,concrete
1113,fine_concrete
1114,concrete
1115,tiled
1116,wood
1117,concrete
1118,concrete
1119,fine_concrete
1120,tiled
1121,tiled
1122,soft_pvc
1123,concrete
1124,tiled
1125,concrete
1126,concrete
1127,fine_concrete
1128,fine_concrete
1129,tiled
1130,tiled
1131,concrete
1132,concrete
1133,concrete
1134,hard_tiles_large_space
1135,hard_tiles_large_space
1136,tiled
1137,tiled
1138,tiled
1139,tiled
1140,wood
1141,tiled
1142,concrete
1143,concrete
1144,concrete
1145,tiled
1146,hard_tiles_large_space
1147,concrete
1148,concrete
1149,carpet
1150,wood
1151,soft_pvc
1152,concrete
1153,wood
1154,concrete
1155,concrete
1156,hard_tiles_large_space
1157,tiled
1158,concrete
1159,concrete
1160,concrete
1161,concrete
1162,wood
1163,tiled
1164,concrete
1165,wood
1166,concrete
1167,concrete
1168,concrete
1169,fine_concrete
1170,hard_tiles_large_space
1171,hard_tiles_large_space
1172,fine_concrete
1173,wood
1174,concrete
1175,fine_concrete
1176,concrete
1177,wood
1178,tiled
1179,fine_concrete
1180,wood
1181,concrete
1182,concrete
1183,concrete
1184,concrete
1185,concrete
1186,wood
1187,concrete
1188,wood
1189,hard_tiles_large_space
1190,hard_tiles_large_space
1191,concrete
1192,tiled
1193,wood
1194,concrete
1195,concrete
1196,wood
1197,concrete
1198,concrete
1199,concrete
1200,wood
1201,concrete
1202,wood
1203,concrete
1204,concrete
1205,concrete
1206,hard_tiles_large_space
1207,hard_tiles_large_space
1208,concrete
1209,tiled
1210,wood
1211,wood
1212,fine_concrete
1213,concrete
1214,wood
1215,wood
1216,fine_concrete
1217,hard_tiles_large_space
1218,concrete
1219,concrete
1220,hard_tiles_large_space
1221,concrete
1222,concrete
1223,concrete
1224,tiled
1225,concrete
1226,concrete
1227,concrete
1228,concrete
1229,concrete
1230,concrete
1231,hard_tiles_large_space
1232,hard_tiles_large_space
1233,concrete
1234,hard_tiles_large_space
1235,wood
1236,hard_tiles_large_space
1237,tiled
1238,concrete
1239,tiled
1240,concrete
1241,concrete
1242,wood
1243,wood
1244,hard_tiles_large_space
1245,carpet
1246,concrete
1247,wood
1248,hard_tiles_large_space
1249,tiled
1250,hard_tiles_large_space
1251,concrete
1252,tiled
1253,concrete
1254,concrete
1255,concrete
1256,concrete
1257,concrete
1258,concrete
1259,tiled
1260,concrete
1261,hard_tiles_large_space
1262,concrete
1263,concrete
1264,concrete
1265,soft_pvc
1266,concrete
1267,hard_tiles_large_space
1268,hard_tiles_large_space
1269,hard_tiles_large_space
1270,wood
1271,fine_concrete
1272,concrete
1273,fine_concrete
1274,concrete
1275,wood
1276,tiled
1277,tiled
1278,tiled
1279,concrete
1280,concrete
1281,tiled
1282,concrete
1283,tiled
1284,concrete
1285,concrete
1286,tiled
1287,concrete
1288,concrete
1289,concrete
1290,concrete
1291,concrete
1292,concrete
1293,concrete
1294,concrete
1295,wood
1296,fine_concrete
1297,soft_pvc
1298,concrete
1299,concrete
1300,tiled
1301,concrete
1302,carpet
1303,soft_pvc
1304,concrete
1305,concrete
1306,concrete
1307,concrete
1308,tiled
1309,tiled
1310,concrete
1311,concrete
1312,concrete
1313,fine_concrete
1314,concrete
1315,wood
1316,concrete
1317,hard_tiles_large_space
1318,tiled
1319,carpet
1320,wood
1321,tiled
1322,tiled
1323,concrete
1324,hard_tiles_large_space
1325,concrete
1326,concrete
1327,soft_pvc
1328,hard_tiles_large_space
1329,concrete
1330,tiled
1331,concrete
1332,carpet
1333,concrete
1334,concrete
1335,fine_concrete
1336,tiled
1337,tiled
1338,concrete
1339,hard_tiles_large_space
1340,wood
1341,concrete
1342,carpet
1343,carpet
1344,hard_tiles_large_space
1345,wood
1346,hard_tiles_large_space
1347,hard_tiles_large_space
1348,wood
1349,hard_tiles_large_space
1350,hard_tiles_large_space
1351,concrete
1352,tiled
1353,wood
1354,concrete
1355,concrete
1356,wood
1357,concrete
1358,hard_tiles_large_space
1359,fine_concrete
1360,wood
1361,concrete
1362,tiled
1363,concrete
1364,concrete
1365,tiled
1366,hard_tiles_large_space
1367,hard_tiles_large_space
1368,tiled
1369,tiled
1370,hard_tiles_large_space
1371,concrete
1372,tiled
1373,tiled
1374,concrete
1375,tiled
1376,concrete
1377,concrete
1378,hard_tiles_large_space
1379,tiled
1380,wood
1381,tiled
1382,soft_pvc
1383,concrete
1384,concrete
1385,hard_tiles_large_space
1386,tiled
1387,wood
1388,fine_concrete
1389,concrete
1390,fine_concrete
1391,concrete
1392,wood
1393,concrete
1394,tiled
1395,concrete
1396,carpet
1397,concrete
1398,concrete
1399,concrete
1400,hard_tiles_large_space
1401,concrete
1402,concrete
1403,wood
1404,concrete
1405,wood
1406,hard_tiles_large_space
1407,concrete
1408,wood
1409,concrete
1410,concrete
1411,carpet
1412,concrete
1413,concrete
1414,soft_pvc
1415,concrete
1416,concrete
1417,concrete
1418,soft_pvc
1419,tiled
1420,soft_pvc
1421,fine_concrete
1422,wood
1423,concrete
1424,concrete
1425,tiled
1426,hard_tiles_large_space
1427,fine_concrete
1428,carpet
1429,concrete
1430,concrete
1431,concrete
1432,hard_tiles_large_space
1433,hard_tiles_large_space
1434,concrete
1435,wood
1436,wood
1437,hard_tiles_large_space
1438,tiled
1439,concrete
1440,concrete
1441,hard_tiles_large_space
1442,concrete
1443,wood
1444,hard_tiles_large_space
1445,fine_concrete
1446,tiled
1447,concrete
1448,tiled
1449,concrete
1450,tiled
1451,tiled
1452,soft_pvc
1453,fine_concrete
1454,concrete
1455,wood
1456,hard_tiles_large_space
1457,hard_tiles_large_space
1458,concrete
1459,concrete
1460,concrete
1461,concrete
1462,concrete
1463,tiled
1464,tiled
1465,wood
1466,wood
1467,tiled
1468,concrete
1469,concrete
1470,concrete
1471,concrete
1472,soft_pvc
1473,concrete
1474,fine_concrete
1475,fine_concrete
1476,wood
1477,fine_concrete
1478,hard_tiles_large_space
1479,concrete
1480,wood
1481,hard_tiles_large_space
1482,tiled
1483,concrete
1484,concrete
1485,concrete
1486,concrete
1487,tiled
1488,tiled
1489,tiled
1490,tiled
1491,concrete
1492,hard_tiles_large_space
1493,concrete
1494,concrete
1495,hard_tiles_large_space
1496,tiled
1497,wood
1498,hard_tiles_large_space
1499,concrete
1500,concrete
1501,concrete
1502,concrete
1503,concrete
1504,fine_concrete
1505,concrete
1506,concrete
1507,hard_tiles_large_space
1508,tiled
1509,concrete
1510,concrete
1511,wood
1512,hard_tiles_large_space
1513,hard_tiles_large_space
1514,concrete
1515,concrete
1516,hard_tiles_large_space
1517,concrete
1518,concrete
1519,concrete
1520,concrete
1521,tiled
1522,concrete
1523,concrete
1524,soft_pvc
1525,wood
1526,concrete
1527,tiled
1528,wood
1529,concrete
1530,concrete
1531,concrete
1532,concrete
1533,wood
1534,concrete
1535,tiled
1536,fine_concrete
1537,concrete
1538,wood
1539,concrete
1540,tiled
1541,hard_tiles_large_space
1542,concrete
1543,concrete
1544,tiled
1545,concrete
1546,tiled
1547,hard_tiles_large_space
1548,concrete
1549,wood
1550,carpet
1551,concrete
1552,tiled
1553,concrete
1554,wood
1555,wood
1556,wood
1557,concrete
1558,concrete
1559,tiled
1560,wood
1561,concrete
1562,wood
1563,hard_tiles_large_space
1564,concrete
1565,concrete
1566,concrete
1567,concrete
1568,wood
1569,tiled
1570,concrete
1571,concrete
1572,hard_tiles_large_space
1573,concrete
1574,concrete
1575,hard_tiles_large_space
1576,hard_tiles_large_space
1577,tiled
1578,wood
1579,concrete
1580,tiled
1581,concrete
1582,concrete
1583,hard_tiles_large_space
1584,wood
1585,tiled
1586,wood
1587,tiled
1588,hard_tiles_large_space
1589,hard_tiles_large_space
1590,wood
1591,tiled
1592,concrete
1593,tiled
1594,fine_concrete
1595,concrete
1596,tiled
1597,concrete
1598,concrete
1599,concrete
1600,concrete
1601,wood
1602,concrete
1603,hard_tiles_large_space
1604,wood
1605,concrete
1606,tiled
1607,wood
1608,fine_concrete
1609,tiled
1610,concrete
1611,concrete
1612,concrete
1613,concrete
1614,wood
1615,hard_tiles_large_space
1616,concrete
1617,carpet
1618,concrete
1619,hard_tiles_large_space
1620,hard_tiles_large_space
1621,fine_concrete
1622,wood
1623,wood
1624,concrete
1625,concrete
1626,concrete
1627,concrete
1628,wood
1629,concrete
1630,concrete
1631,concrete
1632,concrete
1633,wood
1634,hard_tiles_large_space
1635,concrete
1636,wood
1637,concrete
1638,fine_concrete
1639,concrete
1640,concrete
1641,wood
1642,hard_tiles_large_space
1643,fine_concrete
1644,soft_pvc
1645,concrete
1646,hard_tiles_large_space
1647,tiled
1648,concrete
1649,tiled
1650,soft_pvc
1651,hard_tiles_large_space
1652,hard_tiles_large_space
1653,hard_tiles_large_space
1654,concrete
1655,wood
1656,concrete
1657,concrete
1658,concrete
1659,hard_tiles_large_space
1660,concrete
1661,concrete
1662,concrete
1663,wood
1664,fine_concrete
1665,concrete
1666,wood
1667,concrete
1668,concrete
1669,wood
1670,hard_tiles_large_space
1671,wood
1672,hard_tiles_large_space
1673,concrete
1674,concrete
1675,concrete
1676,wood
1677,concrete
1678,concrete
1679,concrete
1680,concrete
1681,hard_tiles_large_space
1682,tiled
1683,concrete
1684,concrete
1685,tiled
1686,tiled
1687,concrete
1688,hard_tiles_large_space
1689,concrete
1690,hard_tiles_large_space
1691,tiled
1692,concrete
1693,wood
1694,concrete
1695,tiled
1696,concrete
1697,wood
1698,hard_tiles_large_space
1699,tiled
1700,tiled
1701,wood
1702,fine_concrete
1703,wood
1704,concrete
1705,concrete
1706,hard_tiles_large_space
1707,hard_tiles_large_space
1708,tiled
1709,wood
1710,tiled
1711,hard_tiles_large_space
1712,concrete
1713,hard_tiles_large_space
1714,hard_tiles_large_space
1715,wood
1716,concrete
1717,tiled
1718,concrete
1719,concrete
1720,tiled
1721,tiled
1722,fine_concrete
1723,concrete
1724,fine_concrete
1725,tiled
1726,tiled
1727,wood
1728,concrete
1729,concrete
1730,hard_tiles_large_space
1731,concrete
1732,tiled
1733,tiled
1734,fine_concrete
1735,concrete
1736,concrete
1737,hard_tiles_large_space
1738,concrete
1739,concrete
1740,fine_concrete
1741,concrete
1742,soft_pvc
1743,concrete
1744,carpet
1745,tiled
1746,fine_concrete
1747,tiled
1748,fine_concrete
1749,concrete
1750,hard_tiles_large_space
1751,soft_pvc
1752,concrete
1753,concrete
1754,wood
1755,concrete
1756,concrete
1757,concrete
1758,wood
1759,concrete
1760,carpet
1761,concrete
1762,fine_concrete
1763,tiled
1764,tiled
1765,concrete
1766,tiled
1767,concrete
1768,concrete
1769,wood
1770,hard_tiles_large_space
1771,concrete
1772,wood
1773,concrete
1774,tiled
1775,concrete
1776,wood
1777,concrete
1778,concrete
1779,concrete
1780,soft_pvc
1781,wood
1782,fine_concrete
1783,tiled
1784,concrete
1785,concrete
1786,tiled
1787,hard_tiles_large_space
1788,wood
1789,concrete
1790,hard_tiles_large_space
1791,wood
1792,concrete
1793,concrete
1794,concrete
1795,tiled
1796,wood
1797,tiled
1798,concrete
1799,concrete
1800,wood
1801,hard_tiles_large_space
1802,concrete
1803,fine_concrete
1804,concrete
1805,concrete
1806,concrete
1807,tiled
1808,concrete
1809,tiled
1810,hard_tiles_large_space
1811,concrete
1812,concrete
1813,concrete
1814,concrete
1815,concrete
1816,concrete
1817,wood
1818,concrete
1819,wood
1820,hard_tiles_large_space
1821,concrete
1822,concrete
1823,concrete
1824,wood
1825,fine_concrete
1826,concrete
1827,tiled
1828,concrete
1829,concrete
1830,soft_pvc
1831,concrete
1832,wood
1833,wood
1834,concrete
1835,tiled
1836,concrete
1837,hard_tiles_large_space
1838,tiled
1839,concrete
1840,concrete
1841,hard_tiles_large_space
1842,hard_tiles_large_space
1843,fine_concrete
1844,hard_tiles_large_space
1845,hard_tiles_large_space
1846,tiled
1847,fine_concrete
1848,wood
1849,concrete
1850,tiled
1851,concrete
1852,concrete
1853,concrete
1854,concrete
1855,concrete
1856,hard_tiles_large_space
1857,tiled
1858,hard_tiles_large_space
1859,concrete
1860,concrete
1861,tiled
1862,tiled
1863,tiled
1864,fine_concrete
1865,tiled
1866,soft_pvc
1867,concrete
1868,hard_tiles_large_space
1869,wood
1870,concrete
1871,concrete
1872,tiled
1873,tiled
1874,soft_pvc
1875,wood
1876,tiled
1877,hard_tiles_large_space
1878,concrete
1879,wood
1880,wood
1881,tiled
1882,tiled
1883,concrete
1884,fine_concrete
1885,wood
1886,hard_tiles_large_space
1887,fine_concrete
1888,concrete
1889,concrete
1890,wood
1891,fine_concrete
1892,tiled
1893,concrete
1894,concrete
1895,soft_pvc
1896,concrete
1897,hard_tiles_large_space
1898,concrete
1899,tiled
1900,concrete
1901,wood
1902,wood
1903,concrete
1904,wood
1905,wood
1906,wood
1907,fine_concrete
1908,wood
1909,concrete
1910,concrete
1911,fine_concrete
1912,hard_tiles_large_space
1913,concrete
1914,concrete
1915,soft_pvc
1916,wood
1917,concrete
1918,concrete
1919,concrete
1920,concrete
1921,concrete
1922,concrete
1923,concrete
1924,fine_concrete
1925,concrete
1926,concrete
1927,wood
1928,wood
1929,concrete
1930,concrete
1931,concrete
1932,concrete
1933,wood
1934,tiled
1935,wood
1936,concrete
1937,hard_tiles_large_space
1938,tiled
1939,wood
1940,concrete
1941,tiled
1942,tiled
1943,concrete
1944,concrete
1945,wood
1946,concrete
1947,concrete
1948,concrete
1949,concrete
1950,hard_tiles_large_space
1951,fine_concrete
1952,concrete
1953,tiled
1954,tiled
1955,hard_tiles_large_space
1956,tiled
1957,tiled
1958,tiled
1959,tiled
1960,concrete
1961,tiled
1962,concrete
1963,wood
1964,concrete
1965,concrete
1966,fine_concrete
1967,wood
1968,fine_concrete
1969,concrete
1970,wood
1971,hard_tiles_large_space
1972,concrete
1973,concrete
1974,wood
1975,concrete
1976,concrete
1977,tiled
1978,wood
1979,concrete
1980,concrete
1981,concrete
1982,concrete
1983,tiled
1984,tiled
1985,wood
1986,concrete
1987,fine_concrete
1988,concrete
1989,tiled
1990,concrete
1991,wood
1992,concrete
1993,tiled
1994,fine_concrete
1995,concrete
1996,concrete
1997,wood
1998,concrete
1999,concrete
2000,hard_tiles_large_space
2001,concrete
2002,hard_tiles_large_space
2003,tiled
2004,carpet
2005,hard_tiles_large_space
2006,hard_tiles_large_space
2007,concrete
2008,soft_pvc
2009,concrete
2010,concrete
2011,wood
2012,concrete
2013,carpet
2014,hard_tiles_large_space
2015,hard_tiles_large_space
2016,fine_concrete
2017,tiled
2018,concrete
2019,concrete
2020,hard_tiles_large_space
2021,wood
2022,soft_pvc
2023,hard_tiles_large_space
2024,tiled
2025,concrete
2026,fine_concrete
2027,concrete
2028,hard_tiles_large_space
2029,wood
2030,wood
2031,concrete
2032,concrete
2033,soft_pvc
2034,concrete
2035,wood
2036,concrete
2037,concrete
2038,fine_concrete
2039,wood
2040,concrete
2041,concrete
2042,concrete
2043,concrete
2044,tiled
2045,tiled
2046,hard_tiles_large_space
2047,wood
2048,fine_concrete
2049,concrete
2050,tiled
2051,soft_pvc
2052,concrete
2053,hard_tiles_large_space
2054,concrete
2055,concrete
2056,concrete
2057,concrete
2058,concrete
2059,concrete
2060,tiled
2061,fine_concrete
2062,concrete
2063,hard_tiles_large_space
2064,concrete
2065,concrete
2066,tiled
2067,hard_tiles_large_space
2068,concrete
2069,concrete
2070,concrete
2071,hard_tiles_large_space
2072,concrete
2073,tiled
2074,concrete
2075,wood
2076,hard_tiles_large_space
2077,tiled
2078,tiled
2079,wood
2080,wood
2081,hard_tiles_large_space
2082,concrete
2083,concrete
2084,tiled
2085,concrete
2086,hard_tiles_large_space
2087,concrete
2088,fine_concrete
2089,concrete
2090,concrete
2091,concrete
2092,tiled
2093,hard_tiles_large_space
2094,tiled
2095,tiled
2096,concrete
2097,hard_tiles_large_space
2098,hard_tiles_large_space
2099,hard_tiles_large_space
2100,concrete
2101,tiled
2102,concrete
2103,fine_concrete
2104,tiled
2105,concrete
2106,concrete
2107,hard_tiles_large_space
2108,concrete
2109,concrete
2110,concrete
2111,concrete
2112,concrete
2113,concrete
2114,soft_pvc
2115,carpet
2116,wood
2117,concrete
2118,tiled
2119,concrete
2120,wood
2121,tiled
2122,soft_pvc
2123,wood
2124,hard_tiles_large_space
2125,concrete
2126,wood
2127,concrete
2128,concrete
2129,tiled
2130,hard_tiles_large_space
2131,wood
2132,concrete
2133,fine_concrete
2134,concrete
2135,hard_tiles_large_space
2136,fine_concrete
2137,hard_tiles_large_space
2138,concrete
2139,tiled
2140,concrete
2141,hard_tiles_large_space
2142,concrete
2143,wood
2144,tiled
2145,fine_concrete
2146,concrete
2147,tiled
2148,concrete
2149,concrete
2150,fine_concrete
2151,wood
2152,carpet
2153,fine_concrete
2154,concrete
2155,concrete
2156,concrete
2157,concrete
2158,tiled
2159,concrete
2160,concrete
2161,concrete
2162,concrete
2163,fine_concrete
2164,concrete
2165,wood
2166,hard_tiles_large_space
2167,concrete
2168,fine_concrete
2169,wood
2170,concrete
2171,concrete
2172,soft_pvc
2173,carpet
2174,wood
2175,concrete
2176,concrete
2177,hard_tiles_large_space
2178,tiled
2179,wood
2180,concrete
2181,tiled
2182,tiled
2183,concrete
2184,hard_tiles_large_space
2185,wood
2186,concrete
2187,wood
2188,concrete
2189,concrete
2190,tiled
2191,soft_pvc
2192,concrete
2193,wood
2194,concrete
2195,hard_tiles_large_space
2196,concrete
2197,fine_concrete
2198,tiled
2199,fine_concrete
2200,tiled
2201,concrete
2202,concrete
2203,tiled
2204,concrete
2205,concrete
2206,soft_pvc
2207,concrete
2208,wood
2209,hard_tiles_large_space
2210,concrete
2211,soft_pvc
2212,wood
2213,concrete
2214,wood
2215,tiled
2216,concrete
2217,concrete
2218,concrete
2219,concrete
2220,concrete
2221,concrete
2222,wood
2223,concrete
2224,concrete
2225,tiled
2226,hard_tiles_large_space
2227,fine_concrete
2228,wood
2229,hard_tiles_large_space
2230,hard_tiles_large_space
2231,tiled
2232,hard_tiles_large_space
2233,concrete
2234,concrete
2235,concrete
2236,concrete
2237,wood
2238,concrete
2239,concrete
2240,tiled
2241,wood
2242,wood
2243,wood
2244,tiled
2245,tiled
2246,concrete
2247,fine_concrete
2248,wood
2249,hard_tiles_large_space
2250,hard_tiles_large_space
2251,wood
2252,carpet
2253,hard_tiles_large_space
2254,fine_concrete
2255,wood
2256,wood
2257,carpet
2258,concrete
2259,soft_pvc
2260,tiled
2261,soft_pvc
2262,tiled
2263,wood
2264,tiled
2265,hard_tiles_large_space
2266,hard_tiles_large_space
2267,fine_concrete
2268,carpet
2269,concrete
2270,concrete
2271,concrete
2272,fine_concrete
2273,concrete
2274,tiled
2275,hard_tiles_large_space
2276,wood
2277,wood
2278,fine_concrete
2279,tiled
2280,concrete
2281,concrete
2282,hard_tiles_large_space
2283,wood
2284,carpet
2285,concrete
2286,wood
2287,hard_tiles_large_space
2288,concrete
2289,concrete
2290,concrete
2291,soft_pvc
2292,wood
2293,hard_tiles_large_space
2294,concrete
2295,concrete
2296,carpet
2297,hard_tiles_large_space
2298,wood
2299,concrete
2300,concrete
2301,fine_concrete
2302,concrete
2303,hard_tiles_large_space
2304,concrete
2305,hard_tiles_large_space
2306,concrete
2307,concrete
2308,tiled
2309,concrete
2310,concrete
2311,concrete
2312,hard_tiles_large_space
2313,concrete
2314,fine_concrete
2315,wood
2316,wood
2317,concrete
2318,wood
2319,wood
2320,concrete
2321,concrete
2322,wood
2323,concrete
2324,fine_concrete
2325,tiled
2326,fine_concrete
2327,tiled
2328,tiled
2329,concrete
2330,concrete
2331,concrete
2332,soft_pvc
2333,concrete
2334,wood
2335,tiled
2336,concrete
2337,fine_concrete
2338,concrete
2339,concrete
2340,concrete
2341,fine_concrete
2342,wood
2343,tiled
2344,hard_tiles_large_space
2345,concrete
2346,hard_tiles_large_space
2347,hard_tiles_large_space
2348,hard_tiles_large_space
2349,tiled
2350,concrete
2351,concrete
2352,hard_tiles_large_space
2353,tiled
2354,concrete
2355,carpet
2356,concrete
2357,hard_tiles_large_space
2358,wood
2359,tiled
2360,hard_tiles_large_space
2361,concrete
2362,wood
2363,hard_tiles_large_space
2364,concrete
2365,hard_tiles_large_space
2366,hard_tiles_large_space
2367,concrete
2368,concrete
2369,concrete
2370,concrete
2371,soft_pvc
2372,concrete
2373,wood
2374,hard_tiles_large_space
2375,concrete
2376,hard_tiles_large_space
2377,concrete
2378,hard_tiles_large_space
2379,wood
2380,tiled
2381,concrete
2382,tiled
2383,concrete
2384,fine_concrete
2385,wood
2386,hard_tiles_large_space
2387,hard_tiles_large_space
2388,concrete
2389,concrete
2390,soft_pvc
2391,hard_tiles_large_space
2392,concrete
2393,carpet
2394,soft_pvc
2395,concrete
2396,concrete
2397,concrete
2398,fine_concrete
2399,fine_concrete
2400,wood
2401,concrete
2402,tiled
2403,concrete
2404,fine_concrete
2405,tiled
2406,concrete
2407,concrete
2408,tiled
2409,concrete
2410,hard_tiles_large_space
2411,soft_pvc
2412,wood
2413,concrete
2414,concrete
2415,wood
2416,wood
2417,wood
2418,concrete
2419,concrete
2420,wood
2421,tiled
2422,tiled
2423,wood
2424,concrete
2425,concrete
2426,concrete
2427,tiled
2428,concrete
2429,wood
2430,wood
2431,fine_concrete
2432,hard_tiles_large_space
2433,soft_pvc
2434,fine_concrete
2435,concrete
2436,wood
2437,tiled
2438,concrete
2439,soft_pvc
2440,concrete
2441,concrete
2442,concrete
2443,concrete
2444,tiled
2445,concrete
2446,concrete
2447,tiled
2448,hard_tiles_large_space
2449,concrete
2450,concrete
2451,wood
2452,hard_tiles_large_space
2453,concrete
2454,concrete
2455,hard_tiles_large_space
2456,wood
2457,wood
2458,hard_tiles_large_space
2459,tiled
2460,concrete
2461,tiled
2462,concrete
2463,hard_tiles_large_space
2464,tiled
2465,fine_concrete
2466,concrete
2467,concrete
2468,tiled
2469,concrete
2470,concrete
2471,fine_concrete
2472,tiled
2473,hard_tiles_large_space
2474,concrete
2475,concrete
2476,tiled
2477,concrete
2478,wood
2479,concrete
2480,concrete
2481,hard_tiles_large_space
2482,carpet
2483,concrete
2484,wood
2485,fine_concrete
2486,tiled
2487,concrete
2488,soft_pvc
2489,hard_tiles_large_space
2490,tiled
2491,concrete
2492,concrete
2493,concrete
2494,concrete
2495,tiled
2496,concrete
2497,concrete
2498,concrete
2499,concrete
2500,wood
2501,wood
2502,hard_tiles_large_space
2503,concrete
2504,concrete
2505,concrete
2506,concrete
2507,soft_pvc
2508,concrete
2509,wood
2510,concrete
2511,concrete
2512,concrete
2513,hard_tiles_large_space
2514,hard_tiles_large_space
2515,fine_concrete
2516,concrete
2517,wood
2518,concrete
2519,fine_concrete
2520,hard_tiles_large_space
2521,tiled
2522,concrete
2523,concrete
2524,concrete
2525,concrete
2526,concrete
2527,tiled
2528,concrete
2529,tiled
2530,concrete
2531,tiled
2532,fine_concrete
2533,hard_tiles_large_space
2534,concrete
2535,concrete
2536,wood
2537,concrete
2538,hard_tiles_large_space
2539,tiled
2540,concrete
2541,concrete
2542,concrete
2543,fine_concrete
2544,tiled
2545,hard_tiles_large_space
2546,concrete
2547,concrete
2548,concrete
2549,wood
2550,concrete
2551,tiled
2552,concrete
2553,tiled
2554,tiled
2555,tiled
2556,tiled
2557,soft_pvc
2558,concrete
2559,concrete
2560,hard_tiles_large_space
2561,concrete
2562,concrete
2563,hard_tiles_large_space
2564,tiled
2565,hard_tiles_large_space
2566,tiled
2567,wood
2568,concrete
2569,hard_tiles_large_space
2570,concrete
2571,hard_tiles_large_space
2572,concrete
2573,concrete
2574,concrete
2575,tiled
2576,hard_tiles_large_space
2577,soft_pvc
2578,wood
2579,concrete
2580,fine_concrete
2581,tiled
2582,concrete
2583,concrete
2584,tiled
2585,concrete
2586,hard_tiles_large_space
2587,concrete
2588,concrete
2589,hard_tiles_large_space
2590,hard_tiles_large_space
2591,hard_tiles_large_space
2592,soft_pvc
2593,tiled
2594,soft_pvc
2595,concrete
2596,wood
2597,carpet
2598,hard_tiles_large_space
2599,tiled
2600,soft_pvc
2601,wood
2602,concrete
2603,concrete
2604,tiled
2605,concrete
2606,soft_pvc
2607,hard_tiles_large_space
2608,concrete
2609,fine_concrete
2610,concrete
2611,tiled
2612,concrete
2613,concrete
2614,concrete
2615,concrete
2616,concrete
2617,concrete
2618,concrete
2619,concrete
2620,concrete
2621,wood
2622,concrete
2623,tiled
2624,concrete
2625,hard_tiles_large_space
2626,soft_pvc
2627,wood
2628,concrete
2629,concrete
2630,hard_tiles_large_space
2631,wood
2632,concrete
2633,concrete
2634,wood
2635,hard_tiles_large_space
2636,fine_concrete
2637,concrete
2638,tiled
2639,soft_pvc
2640,hard_tiles_large_space
2641,wood
2642,concrete
2643,tiled
2644,concrete
2645,wood
2646,concrete
2647,concrete
2648,concrete
2649,concrete
2650,wood
2651,hard_tiles_large_space
2652,concrete
2653,wood
2654,wood
2655,tiled
2656,concrete
2657,concrete
2658,concrete
2659,concrete
2660,hard_tiles_large_space
2661,concrete
2662,concrete
2663,hard_tiles_large_space
2664,soft_pvc
2665,wood
2666,hard_tiles_large_space
2667,hard_tiles_large_space
2668,concrete
2669,soft_pvc
2670,hard_tiles_large_space
2671,concrete
2672,soft_pvc
2673,concrete
2674,concrete
2675,tiled
2676,concrete
2677,hard_tiles_large_space
2678,fine_concrete
2679,soft_pvc
2680,tiled
2681,fine_concrete
2682,concrete
2683,wood
2684,tiled
2685,tiled
2686,hard_tiles_large_space
2687,wood
2688,concrete
2689,concrete
2690,carpet
2691,concrete
2692,concrete
2693,concrete
2694,wood
2695,wood
2696,wood
2697,hard_tiles_large_space
2698,tiled
2699,concrete
2700,tiled
2701,wood
2702,carpet
2703,concrete
2704,fine_concrete
2705,hard_tiles_large_space
2706,concrete
2707,tiled
2708,concrete
2709,concrete
2710,concrete
2711,fine_concrete
2712,wood
2713,hard_tiles_large_space
2714,concrete
2715,concrete
2716,tiled
2717,wood
2718,wood
2719,concrete
2720,hard_tiles_large_space
2721,wood
2722,concrete
2723,concrete
2724,concrete
2725,hard_tiles_large_space
2726,tiled
2727,tiled
2728,fine_concrete
2729,tiled
2730,tiled
2731,tiled
2732,wood
2733,hard_tiles_large_space
2734,tiled
2735,wood
2736,tiled
2737,wood
2738,hard_tiles_large_space
2739,concrete
2740,concrete
2741,fine_concrete
2742,concrete
2743,concrete
2744,concrete
2745,wood
2746,fine_concrete
2747,concrete
2748,concrete
2749,tiled
2750,concrete
2751,concrete
2752,concrete
2753,fine_concrete
2754,concrete
2755,tiled
2756,wood
2757,hard_tiles_large_space
2758,concrete
2759,concrete
2760,tiled
2761,hard_tiles_large_space
2762,hard_tiles_large_space
2763,wood
2764,tiled
2765,concrete
2766,wood
2767,soft_pvc
2768,concrete
2769,tiled
2770,fine_concrete
2771,fine_concrete
2772,tiled
2773,concrete
2774,tiled
2775,concrete
2776,hard_tiles_large_space
2777,concrete
2778,concrete
2779,concrete
2780,wood
2781,concrete
2782,soft_pvc
2783,tiled
2784,hard_tiles_large_space
2785,wood
2786,wood
2787,hard_tiles_large_space
2788,concrete
2789,hard_tiles_large_space
2790,fine_concrete
2791,wood
2792,concrete
2793,concrete
2794,hard_tiles_large_space
2795,carpet
2796,wood
2797,concrete
2798,hard_tiles_large_space
2799,hard_tiles_large_space
2800,tiled
2801,concrete
2802,wood
2803,concrete
2804,concrete
2805,concrete
2806,concrete
2807,concrete
2808,carpet
2809,concrete
2810,wood
2811,hard_tiles_large_space
2812,concrete
2813,concrete
2814,concrete
2815,wood
2816,wood
2817,concrete
2818,concrete
2819,fine_concrete
2820,concrete
2821,concrete
2822,concrete
2823,concrete
2824,concrete
2825,concrete
2826,concrete
2827,concrete
2828,concrete
2829,tiled
2830,concrete
2831,wood
2832,concrete
2833,fine_concrete
2834,wood
2835,hard_tiles_large_space
2836,hard_tiles_large_space
2837,hard_tiles_large_space
2838,wood
2839,hard_tiles_large_space
2840,wood
2841,fine_concrete
2842,concrete
2843,hard_tiles_large_space
2844,tiled
2845,concrete
2846,wood
2847,concrete
2848,concrete
2849,tiled
2850,concrete
2851,tiled
2852,concrete
2853,concrete
2854,wood
2855,concrete
2856,hard_tiles_large_space
2857,fine_concrete
2858,hard_tiles_large_space
2859,concrete
2860,concrete
2861,concrete
2862,hard_tiles_large_space
2863,concrete
2864,concrete
2865,tiled
2866,hard_tiles_large_space
2867,wood
2868,concrete
2869,concrete
2870,tiled
2871,concrete
2872,fine_concrete
2873,carpet
2874,concrete
2875,wood
2876,concrete
2877,concrete
2878,concrete
2879,tiled
2880,hard_tiles_large_space
2881,hard_tiles_large_space
2882,concrete
2883,fine_concrete
2884,tiled
2885,fine_concrete
2886,tiled
2887,concrete
2888,hard_tiles_large_space
2889,concrete
2890,tiled
2891,hard_tiles_large_space
2892,concrete
2893,fine_concrete
2894,wood
2895,wood
2896,concrete
2897,concrete
2898,tiled
2899,concrete
2900,concrete
2901,soft_pvc
2902,wood
2903,hard_tiles_large_space
2904,concrete
2905,fine_concrete
2906,wood
2907,wood
2908,wood
2909,tiled
2910,concrete
2911,wood
2912,wood
2913,hard_tiles_large_space
2914,tiled
2915,tiled
2916,concrete
2917,concrete
2918,hard_tiles_large_space
2919,tiled
2920,concrete
2921,concrete
2922,concrete
2923,concrete
2924,concrete
2925,concrete
2926,fine_concrete
2927,soft_pvc
2928,concrete
2929,concrete
2930,tiled
2931,concrete
2932,wood
2933,concrete
2934,hard_tiles_large_space
2935,concrete
2936,wood
2937,wood
2938,wood
2939,wood
2940,tiled
2941,wood
2942,concrete
2943,tiled
2944,concrete
2945,concrete
2946,concrete
2947,fine_concrete
2948,wood
2949,concrete
2950,concrete
2951,concrete
2952,tiled
2953,concrete
2954,wood
2955,tiled
2956,concrete
2957,concrete
2958,fine_concrete
2959,tiled
2960,tiled
2961,wood
2962,tiled
2963,hard_tiles_large_space
2964,hard_tiles_large_space
2965,concrete
2966,concrete
2967,wood
2968,wood
2969,concrete
2970,wood
2971,concrete
2972,tiled
2973,wood
2974,fine_concrete
2975,concrete
2976,fine_concrete
2977,soft_pvc
2978,concrete
2979,concrete
2980,concrete
2981,concrete
2982,tiled
2983,wood
2984,concrete
2985,concrete
2986,concrete
2987,concrete
2988,wood
2989,hard_tiles_large_space
2990,fine_concrete
2991,concrete
2992,wood
2993,soft_pvc
2994,concrete
2995,concrete
2996,wood
2997,concrete
2998,concrete
2999,concrete
3000,wood
3001,wood
3002,fine_concrete
3003,tiled
3004,wood
3005,wood
3006,concrete
3007,hard_tiles_large_space
3008,hard_tiles_large_space
3009,concrete
3010,concrete
3011,concrete
3012,wood
3013,concrete
3014,concrete
3015,concrete
3016,concrete
3017,wood
3018,wood
3019,concrete
3020,concrete
3021,soft_pvc
3022,wood
3023,concrete
3024,concrete
3025,concrete
3026,wood
3027,hard_tiles_large_space
3028,concrete
3029,hard_tiles_large_space
3030,concrete
3031,concrete
3032,soft_pvc
3033,tiled
3034,hard_tiles_large_space
3035,fine_concrete
3036,carpet
3037,wood
3038,concrete
3039,concrete
3040,concrete
3041,concrete
3042,concrete
3043,concrete
3044,concrete
3045,concrete
3046,soft_pvc
3047,concrete
3048,concrete
3049,concrete
3050,concrete
3051,concrete
3052,concrete
3053,concrete
3054,concrete
3055,tiled
3056,fine_concrete
3057,concrete
3058,wood
3059,concrete
3060,concrete
3061,wood
3062,concrete
3063,wood
3064,concrete
3065,fine_concrete
3066,concrete
3067,tiled
3068,concrete
3069,concrete
3070,tiled
3071,wood
3072,wood
3073,concrete
3074,concrete
3075,concrete
3076,concrete
3077,tiled
3078,concrete
3079,concrete
3080,soft_pvc
3081,fine_concrete
3082,tiled
3083,hard_tiles_large_space
3084,hard_tiles_large_space
3085,concrete
3086,concrete
3087,wood
3088,concrete
3089,wood
3090,hard_tiles_large_space
3091,fine_concrete
3092,concrete
3093,wood
3094,concrete
3095,concrete
3096,wood
3097,concrete
3098,wood
3099,soft_pvc
3100,tiled
3101,tiled
3102,hard_tiles_large_space
3103,tiled
3104,concrete
3105,wood
3106,hard_tiles_large_space
3107,concrete
3108,concrete
3109,tiled
3110,wood
3111,hard_tiles_large_space
3112,concrete
3113,concrete
3114,fine_concrete
3115,concrete
3116,concrete
3117,wood
3118,soft_pvc
3119,hard_tiles_large_space
3120,soft_pvc
3121,concrete
3122,tiled
3123,concrete
3124,concrete
3125,concrete
3126,wood
3127,fine_concrete
3128,fine_concrete
3129,tiled
3130,concrete
3131,concrete
3132,wood
3133,concrete
3134,tiled
3135,concrete
3136,concrete
3137,concrete
3138,fine_concrete
3139,hard_tiles_large_space
3140,concrete
3141,hard_tiles_large_space
3142,concrete
3143,wood
3144,wood
3145,hard_tiles_large_space
3146,concrete
3147,concrete
3148,fine_concrete
3149,concrete
3150,fine_concrete
3151,concrete
3152,soft_pvc
3153,hard_tiles_large_space
3154,concrete
3155,concrete
3156,tiled
3157,concrete
3158,concrete
3159,concrete
3160,wood
3161,tiled
3162,hard_tiles_large_space
3163,fine_concrete
3164,tiled
3165,concrete
3166,concrete
3167,concrete
3168,wood
3169,soft_pvc
3170,concrete
3171,concrete
3172,concrete
3173,concrete
3174,tiled
3175,hard_tiles_large_space
3176,concrete
3177,concrete
3178,tiled
3179,carpet
3180,concrete
3181,concrete
3182,hard_tiles_large_space
3183,concrete
3184,concrete
3185,hard_tiles_large_space
3186,tiled
3187,fine_concrete
3188,hard_tiles_large_space
3189,wood
3190,wood
3191,tiled
3192,concrete
3193,fine_concrete
3194,concrete
3195,concrete
3196,hard_tiles_large_space
3197,hard_tiles_large_space
3198,concrete
3199,concrete
3200,concrete
3201,concrete
3202,concrete
3203,concrete
3204,concrete
3205,fine_concrete
3206,concrete
3207,tiled
3208,hard_tiles_large_space
3209,wood
3210,hard_tiles_large_space
3211,concrete
3212,tiled
3213,soft_pvc
3214,tiled
3215,tiled
3216,wood
3217,hard_tiles_large_space
3218,concrete
3219,wood
3220,hard_tiles_large_space
3221,tiled
3222,wood
3223,concrete
3224,wood
3225,concrete
3226,concrete
3227,wood
3228,hard_tiles_large_space
3229,fine_concrete
3230,fine_concrete
3231,concrete
3232,concrete
3233,hard_tiles_large_space
3234,concrete
3235,hard_tiles_large_space
3236,hard_tiles_large_space
3237,concrete
3238,wood
3239,hard_tiles_large_space
3240,hard_tiles_large_space
3241,wood
3242,hard_tiles_large_space
3243,concrete
3244,concrete
3245,concrete
3246,fine_concrete
3247,concrete
3248,concrete
3249,tiled
3250,hard_tiles_large_space
3251,concrete
3252,concrete
3253,concrete
3254,hard_tiles_large_space
3255,tiled
3256,concrete
3257,concrete
3258,wood
3259,hard_tiles_large_space
3260,fine_concrete
3261,concrete
3262,concrete
3263,concrete
3264,tiled
3265,concrete
3266,tiled
3267,wood
3268,concrete
3269,concrete
3270,wood
3271,concrete
3272,hard_tiles_large_space
3273,fine_concrete
3274,tiled
3275,concrete
3276,tiled
3277,concrete
3278,wood
3279,wood
3280,hard_tiles_large_space
3281,fine_concrete
3282,concrete
3283,hard_tiles_large_space
3284,concrete
3285,hard_tiles_large_space
3286,wood
3287,wood
3288,fine_concrete
3289,fine_concrete
3290,tiled
3291,tiled
3292,soft_pvc
3293,wood
3294,concrete
3295,tiled
3296,hard_tiles_large_space
3297,fine_concrete
3298,concrete
3299,concrete
3300,concrete
3301,hard_tiles_large_space
3302,concrete
3303,tiled
3304,tiled
3305,fine_concrete
3306,concrete
3307,concrete
3308,concrete
3309,tiled
3310,wood
3311,soft_pvc
3312,tiled
3313,wood
3314,wood
3315,fine_concrete
3316,concrete
3317,fine_concrete
3318,fine_concrete
3319,wood
3320,concrete
3321,concrete
3322,concrete
3323,concrete
3324,soft_pvc
3325,tiled
3326,soft_pvc
3327,concrete
3328,hard_tiles_large_space
3329,tiled
3330,hard_tiles_large_space
3331,concrete
3332,hard_tiles_large_space
3333,concrete
3334,concrete
3335,wood
3336,fine_concrete
3337,concrete
3338,concrete
3339,soft_pvc
3340,hard_tiles_large_space
3341,concrete
3342,tiled
3343,hard_tiles_large_space
3344,concrete
3345,tiled
3346,concrete
3347,hard_tiles_large_space
3348,concrete
3349,fine_concrete
3350,tiled
3351,hard_tiles_large_space
3352,tiled
3353,concrete
3354,concrete
3355,hard_tiles_large_space
3356,hard_tiles_large_space
3357,concrete
3358,concrete
3359,concrete
3360,concrete
3361,concrete
3362,concrete
3363,concrete
3364,concrete
3365,wood
3366,fine_concrete
3367,concrete
3368,concrete
3369,concrete
3370,wood
3371,wood
3372,wood
3373,tiled
3374,tiled
3375,fine_concrete
3376,concrete
3377,tiled
3378,wood
3379,concrete
3380,fine_concrete
3381,concrete
3382,concrete
3383,hard_tiles_large_space
3384,fine_concrete
3385,wood
3386,concrete
3387,tiled
3388,hard_tiles_large_space
3389,hard_tiles_large_space
3390,tiled
3391,concrete
3392,wood
3393,concrete
3394,wood
3395,wood
3396,soft_pvc
3397,concrete
3398,wood
3399,wood
3400,concrete
3401,hard_tiles_large_space
3402,tiled
3403,concrete
3404,fine_concrete
3405,soft_pvc
3406,hard_tiles_large_space
3407,soft_pvc
3408,wood
3409,fine_concrete
3410,wood
3411,hard_tiles_large_space
3412,concrete
3413,concrete
3414,hard_tiles_large_space
3415,tiled
3416,tiled
3417,concrete
3418,concrete
3419,concrete
3420,carpet
3421,wood
3422,concrete
3423,concrete
3424,concrete
3425,concrete
3426,tiled
3427,concrete
3428,soft_pvc
3429,tiled
3430,concrete
3431,concrete
3432,concrete
3433,soft_pvc
3434,tiled
3435,tiled
3436,wood
3437,concrete
3438,concrete
3439,wood
3440,carpet
3441,fine_concrete
3442,wood
3443,fine_concrete
3444,tiled
3445,concrete
3446,tiled
3447,hard_tiles_large_space
3448,hard_tiles_large_space
3449,concrete
3450,concrete
3451,concrete
3452,hard_tiles_large_space
3453,wood
3454,tiled
3455,wood
3456,wood
3457,concrete
3458,carpet
3459,concrete
3460,wood
3461,concrete
3462,soft_pvc
3463,fine_concrete
3464,wood
3465,concrete
3466,wood
3467,concrete
3468,hard_tiles_large_space
3469,tiled
3470,wood
3471,fine_concrete
3472,wood
3473,concrete
3474,concrete
3475,fine_concrete
3476,concrete
3477,soft_pvc
3478,concrete
3479,tiled
3480,concrete
3481,wood
3482,concrete
3483,hard_tiles_large_space
3484,concrete
3485,concrete
3486,hard_tiles_large_space
3487,hard_tiles_large_space
3488,wood
3489,concrete
3490,tiled
3491,fine_concrete
3492,wood
3493,tiled
3494,concrete
3495,wood
3496,concrete
3497,concrete
3498,hard_tiles_large_space
3499,hard_tiles_large_space
3500,tiled
3501,wood
3502,concrete
3503,concrete
3504,tiled
3505,hard_tiles_large_space
3506,concrete
3507,tiled
3508,tiled
3509,tiled
3510,wood
3511,tiled
3512,fine_concrete
3513,tiled
3514,concrete
3515,concrete
3516,hard_tiles_large_space
3517,concrete
3518,wood
3519,soft_pvc
3520,hard_tiles_large_space
3521,concrete
3522,tiled
3523,tiled
3524,hard_tiles_large_space
3525,hard_tiles_large_space
3526,hard_tiles_large_space
3527,tiled
3528,fine_concrete
3529,carpet
3530,concrete
3531,concrete
3532,wood
3533,concrete
3534,hard_tiles_large_space
3535,tiled
3536,fine_concrete
3537,concrete
3538,concrete
3539,concrete
3540,wood
3541,concrete
3542,wood
3543,concrete
3544,tiled
3545,concrete
3546,concrete
3547,wood
3548,tiled
3549,concrete
3550,tiled
3551,wood
3552,tiled
3553,concrete
3554,hard_tiles_large_space
3555,concrete
3556,tiled
3557,wood
3558,tiled
3559,wood
3560,hard_tiles_large_space
3561,concrete
3562,soft_pvc
3563,carpet
3564,hard_tiles_large_space
3565,concrete
3566,soft_pvc
3567,wood
3568,concrete
3569,concrete
3570,concrete
3571,concrete
3572,wood
3573,concrete
3574,tiled
3575,hard_tiles_large_space
3576,carpet
3577,concrete
3578,tiled
3579,wood
3580,wood
3581,concrete
3582,concrete
3583,fine_concrete
3584,tiled
3585,wood
3586,hard_tiles_large_space
3587,wood
3588,concrete
3589,tiled
3590,soft_pvc
3591,tiled
3592,hard_tiles_large_space
3593,concrete
3594,concrete
3595,concrete
3596,hard_tiles_large_space
3597,wood
3598,concrete
3599,concrete
3600,concrete
3601,wood
3602,hard_tiles_large_space
3603,wood
3604,concrete
3605,concrete
3606,wood
3607,concrete
3608,fine_concrete
3609,hard_tiles_large_space
3610,concrete
3611,carpet
3612,concrete
3613,wood
3614,concrete
3615,wood
3616,hard_tiles_large_space
3617,fine_concrete
3618,wood
3619,wood
3620,concrete
3621,concrete
3622,hard_tiles_large_space
3623,tiled
3624,wood
3625,soft_pvc
3626,tiled
3627,hard_tiles_large_space
3628,hard_tiles_large_space
3629,concrete
3630,tiled
3631,concrete
3632,wood
3633,concrete
3634,tiled
3635,carpet
3636,tiled
3637,concrete
3638,tiled
3639,concrete
3640,hard_tiles_large_space
3641,concrete
3642,wood
3643,concrete
3644,wood
3645,hard_tiles_large_space
3646,wood
3647,concrete
3648,tiled
3649,concrete
3650,tiled
3651,fine_concrete
3652,concrete
3653,concrete
3654,concrete
3655,concrete
3656,concrete
3657,fine_concrete
3658,wood
3659,concrete
3660,concrete
3661,tiled
3662,concrete
3663,soft_pvc
3664,concrete
3665,concrete
3666,concrete
3667,fine_concrete
3668,hard_tiles_large_space
3669,fine_concrete
3670,tiled
3671,tiled
3672,concrete
3673,hard_tiles_large_space
3674,wood
3675,hard_tiles_large_space
3676,fine_concrete
3677,concrete
3678,concrete
3679,wood
3680,concrete
3681,tiled
3682,concrete
3683,concrete
3684,fine_concrete
3685,fine_concrete
3686,hard_tiles_large_space
3687,concrete
3688,concrete
3689,concrete
3690,wood
3691,concrete
3692,tiled
3693,concrete
3694,hard_tiles_large_space
3695,concrete
3696,fine_concrete
3697,concrete
3698,fine_concrete
3699,tiled
3700,concrete
3701,concrete
3702,concrete
3703,tiled
3704,concrete
3705,wood
3706,concrete
3707,concrete
3708,tiled
3709,hard_tiles_large_space
3710,concrete
3711,concrete
3712,concrete
3713,concrete
3714,concrete
3715,concrete
3716,concrete
3717,wood
3718,concrete
3719,concrete
3720,wood
3721,tiled
3722,concrete
3723,concrete
3724,wood
3725,soft_pvc
3726,tiled
3727,tiled
3728,wood
3729,hard_tiles_large_space
3730,fine_concrete
3731,tiled
3732,wood
3733,concrete
3734,concrete
3735,hard_tiles_large_space
3736,concrete
3737,concrete
3738,wood
3739,tiled
3740,concrete
3741,concrete
3742,wood
3743,concrete
3744,tiled
3745,soft_pvc
3746,wood
3747,soft_pvc
3748,wood
3749,fine_concrete
3750,concrete
3751,wood
3752,fine_concrete
3753,wood
3754,concrete
3755,concrete
3756,wood
3757,concrete
3758,tiled
3759,concrete
3760,tiled
3761,wood
3762,wood
3763,hard_tiles_large_space
3764,tiled
3765,hard_tiles_large_space
3766,concrete
3767,concrete
3768,concrete
3769,hard_tiles_large_space
3770,wood
3771,concrete
3772,wood
3773,tiled
3774,soft_pvc
3775,wood
3776,concrete
3777,wood
3778,concrete
3779,hard_tiles_large_space
3780,soft_pvc
3781,hard_tiles_large_space
3782,fine_concrete
3783,concrete
3784,tiled
3785,fine_concrete
3786,concrete
3787,concrete
3788,concrete
3789,wood
3790,wood
3791,concrete
3792,fine_concrete
3793,concrete
3794,concrete
3795,concrete
3796,concrete
3797,concrete
3798,fine_concrete
3799,concrete
3800,soft_pvc
3801,wood
3802,wood
3803,tiled
3804,concrete
3805,hard_tiles_large_space
3806,concrete
3807,concrete
3808,tiled
3809,tiled
3810,concrete
3811,hard_tiles_large_space
3812,wood
3813,hard_tiles_large_space
3814,carpet
3815,wood
